{
	"info": {
		"_postman_id": "a95b1925-68c5-4750-96d4-2088d50af9fb",
		"name": "localhost",
		"schema": "https://schema.getpostman.com/json/collection/v2.1.0/collection.json"
	},
	"item": [
		{
			"name": "http://localhost:8090/orderService/save/order",
			"request": {
				"method": "POST",
				"header": [
					{
						"key": "Authorization",
						"value": "Client-ID 32d2a280a5c8054",
						"type": "text"
					}
				],
				"body": {
					"mode": "raw",
					"raw": "{\r\n    \"customerName\":\"Mani\",\r\n    \"shippingAddress\":\"Singapore\",\r\n    \"total\": 34.5,\r\n    \"orderItemDto\":{\r\n     \"productCode\": \"kkk\",\r\n      \"productName\":\"mmm\",\r\n      \"quantity\":1.5  \r\n    }\r\n\r\n}",
					"options": {
						"raw": {
							"language": "json"
						}
					}
				},
				"url": {
					"raw": "http://localhost:8090/orderService/save/order",
					"protocol": "http",
					"host": [
						"localhost"
					],
					"port": "8090",
					"path": [
						"orderService",
						"save",
						"order"
					]
				}
			},
			"response": []
		},
		{
			"name": "fetch",
			"request": {
				"method": "GET",
				"header": [],
				"url": {
					"raw": ""
				}
			},
			"response": []
		}
	],
	"protocolProfileBehavior": {}
}